{"stats":{"minecraft:killed":{"minecraft:zombie_villager":1,"minecraft:creeper":1,"minecraft:skeleton":1,"minecraft:zombie":2},"minecraft:mined":{"minecraft:oak_slab":3,"minecraft:spruce_planks":1,"minecraft:oak_door":5,"minecraft:oak_fence":4,"minecraft:crafting_table":2,"minecraft:torch":5,"minecraft:grass_block":250,"minecraft:chest":11,"minecraft:spruce_leaves":111,"minecraft:oak_planks":2,"minecraft:moss_block":145,"minecraft:spruce_sapling":1,"minecraft:furnace":2,"minecraft:cobblestone_wall":1,"minecraft:mud":82,"minecraft:iron_ore":49,"minecraft:spruce_log":3,"minecraft:oak_log":102,"minecraft:coal_ore":46,"minecraft:dirt":63,"minecraft:stone":192,"minecraft:oak_leaves":41,"minecraft:spruce_slab":3},"minecraft:crafted":{"minecraft:oak_door":3,"minecraft:oak_slab":24,"minecraft:oak_planks":156,"minecraft:raw_iron":6,"minecraft:stone_shovel":1,"minecraft:crafting_table":1,"minecraft:iron_nugget":18,"minecraft:wooden_pickaxe":1,"minecraft:furnace":1,"minecraft:pufferfish_bucket":1,"minecraft:bone_meal":6,"minecraft:spruce_fence":21,"minecraft:stone_axe":1,"minecraft:air":0,"minecraft:lantern":2,"minecraft:cobblestone":10,"minecraft:charcoal":3,"minecraft:iron_axe":1,"minecraft:spruce_slab":72,"minecraft:stick":48,"minecraft:iron_ingot":15,"minecraft:iron_pickaxe":1,"minecraft:stone_pickaxe":2,"minecraft:wooden_axe":1,"minecraft:cobblestone_wall":6,"minecraft:chest":9,"minecraft:torch":24,"minecraft:stone_hoe":1,"minecraft:oak_fence":3,"minecraft:shears":1},"minecraft:broken":{"minecraft:stone_pickaxe":1},"minecraft:dropped":{"minecraft:cobblestone":92,"minecraft:rotten_flesh":3,"minecraft:torch":2,"minecraft:iron_axe":1,"minecraft:wooden_pickaxe":1,"minecraft:bucket":1},"minecraft:used":{"minecraft:moss_block":130,"minecraft:oak_fence":7,"minecraft:water_bucket":4,"minecraft:spruce_slab":81,"minecraft:stone_shovel":61,"minecraft:stone_pickaxe":321,"minecraft:oak_planks":20,"minecraft:spruce_planks":17,"minecraft:chest":20,"minecraft:wooden_pickaxe":7,"minecraft:stone_hoe":24,"minecraft:oak_door":7,"minecraft:torch":8,"minecraft:dirt":159,"minecraft:oak_slab":33,"minecraft:crafting_table":3,"minecraft:cobblestone_wall":1,"minecraft:spruce_fence":21,"minecraft:shears":43,"minecraft:oak_log":17,"minecraft:mud":30,"minecraft:wooden_axe":13,"minecraft:lantern":2,"minecraft:iron_axe":90,"minecraft:iron_pickaxe":193,"minecraft:spruce_sapling":1,"minecraft:melon_seeds":2,"minecraft:stone_axe":61,"minecraft:cobblestone":12,"minecraft:pufferfish_bucket":1,"minecraft:furnace":3,"minecraft:bucket":4,"minecraft:bone_meal":3},"minecraft:custom":{"minecraft:interact_with_furnace":11,"minecraft:mob_kills":5,"minecraft:traded_with_villager":2,"minecraft:interact_with_crafting_table":50,"minecraft:fill_cauldron":1,"minecraft:leave_game":1,"minecraft:time_since_death":62778,"minecraft:time_since_rest":62814,"minecraft:sprint_one_cm":45440,"minecraft:damage_taken":470,"minecraft:walk_one_cm":244881,"minecraft:drop":37,"minecraft:damage_dealt":766,"minecraft:talked_to_villager":120,"minecraft:fly_one_cm":16617,"minecraft:open_chest":31,"minecraft:crouch_one_cm":30082,"minecraft:play_time":186051,"minecraft:deaths":2,"minecraft:sneak_time":15570,"minecraft:walk_under_water_one_cm":1740,"minecraft:jump":308,"minecraft:walk_on_water_one_cm":284,"minecraft:total_world_time":186051,"minecraft:fall_one_cm":6642},"minecraft:killed_by":{"minecraft:pufferfish":1},"minecraft:picked_up":{"minecraft:wooden_axe":1,"minecraft:spruce_leaves":68,"minecraft:mud":157,"minecraft:crafting_table":2,"minecraft:wooden_pickaxe":2,"minecraft:oak_log":129,"minecraft:cobblestone_wall":1,"minecraft:dirt":404,"minecraft:iron_axe":1,"minecraft:bone":4,"minecraft:bucket":1,"minecraft:spruce_planks":25,"minecraft:iron_ingot":4,"minecraft:stone_pickaxe":1,"minecraft:iron_pickaxe":1,"minecraft:spruce_slab":3,"minecraft:moss_block":166,"minecraft:chest":11,"minecraft:oak_planks":2,"minecraft:furnace":2,"minecraft:oak_slab":11,"minecraft:raw_iron":53,"minecraft:stick":6,"minecraft:oak_door":6,"minecraft:oak_fence":4,"minecraft:torch":5,"minecraft:spruce_sapling":4,"minecraft:spruce_log":5,"minecraft:arrow":2,"minecraft:stone_shovel":1,"minecraft:rotten_flesh":3,"minecraft:shears":1,"minecraft:oak_sapling":4,"minecraft:coal":70,"minecraft:cobblestone":289}},"DataVersion":3120}