{"stats":{"minecraft:killed":{"minecraft:witch":2,"minecraft:spider":7,"minecraft:pufferfish":1,"minecraft:phantom":1,"minecraft:skeleton":177,"minecraft:creeper":159,"minecraft:zombie":135},"minecraft:used":{"minecraft:moss_block":8,"minecraft:stone_sword":196,"minecraft:spruce_slab":417,"minecraft:spruce_planks":1305,"minecraft:chest":5,"minecraft:iron_sword":7,"minecraft:cooked_salmon":3,"minecraft:rotten_flesh":2,"minecraft:torch":14,"minecraft:dirt":22,"minecraft:hopper":2,"minecraft:spruce_fence":4,"minecraft:wooden_axe":6,"minecraft:light_weighted_pressure_plate":2,"minecraft:lantern":1,"minecraft:iron_axe":570,"minecraft:melon_seeds":2,"minecraft:iron_trapdoor":2,"minecraft:furnace":1,"minecraft:oak_sapling":11,"minecraft:cooked_cod":6,"minecraft:egg":3,"minecraft:water_bucket":38,"minecraft:stone_pickaxe":356,"minecraft:cauldron":1,"minecraft:oak_slab":168,"minecraft:crafting_table":3,"minecraft:campfire":1,"minecraft:white_bed":1,"minecraft:note_block":2,"minecraft:spruce_log":8,"minecraft:melon_slice":26,"minecraft:iron_pickaxe":502,"minecraft:spruce_trapdoor":215,"minecraft:spruce_sapling":39,"minecraft:stone_axe":470,"minecraft:fishing_rod":33,"minecraft:pufferfish_bucket":2,"minecraft:bucket":39,"minecraft:kelp":2,"minecraft:bone_meal":83},"minecraft:custom":{"minecraft:mob_kills":499,"minecraft:interact_with_crafting_table":58,"minecraft:interact_with_campfire":10,"minecraft:leave_game":1,"minecraft:time_since_death":243778,"minecraft:sprint_one_cm":194737,"minecraft:walk_one_cm":549530,"minecraft:drop":25,"minecraft:play_noteblock":1,"minecraft:talked_to_villager":69,"minecraft:play_time":356695,"minecraft:deaths":3,"minecraft:sneak_time":23363,"minecraft:walk_under_water_one_cm":35459,"minecraft:jump":1555,"minecraft:walk_on_water_one_cm":24185,"minecraft:total_world_time":356695,"minecraft:interact_with_furnace":36,"minecraft:traded_with_villager":18,"minecraft:tune_noteblock":1698,"minecraft:sleep_in_bed":1,"minecraft:time_since_rest":65848,"minecraft:damage_taken":1475,"minecraft:damage_dealt":6362,"minecraft:swim_one_cm":14839,"minecraft:fly_one_cm":157473,"minecraft:open_chest":170,"minecraft:crouch_one_cm":68200,"minecraft:fish_caught":20,"minecraft:fall_one_cm":17849},"minecraft:mined":{"minecraft:spruce_planks":105,"minecraft:spruce_trapdoor":14,"minecraft:granite":20,"minecraft:grass_block":257,"minecraft:spruce_fence":2,"minecraft:spruce_leaves":214,"minecraft:hopper":1,"minecraft:moss_block":127,"minecraft:kelp":2,"minecraft:redstone_ore":1,"minecraft:spruce_sapling":2,"minecraft:furnace":1,"minecraft:iron_ore":71,"minecraft:andesite":24,"minecraft:stone":178,"minecraft:spruce_slab":41,"minecraft:oak_slab":10,"minecraft:clay":29,"minecraft:crafting_table":2,"minecraft:note_block":1,"minecraft:torch":9,"minecraft:melon":9,"minecraft:chest":2,"minecraft:copper_ore":4,"minecraft:diorite":26,"minecraft:wall_torch":2,"minecraft:mud":89,"minecraft:spruce_log":649,"minecraft:oak_log":166,"minecraft:coal_ore":71,"minecraft:dirt":10,"minecraft:gold_ore":4,"minecraft:oak_leaves":419,"minecraft:iron_trapdoor":1},"minecraft:dropped":{"minecraft:iron_ingot":11,"minecraft:stick":1,"minecraft:pufferfish_bucket":3,"minecraft:spruce_sapling":7,"minecraft:shears":1,"minecraft:oak_sapling":1,"minecraft:stone_pickaxe":1},"minecraft:crafted":{"minecraft:oak_planks":112,"minecraft:barrel":1,"minecraft:fishing_rod":1,"minecraft:pufferfish_bucket":1,"minecraft:bone_meal":141,"minecraft:spruce_fence":6,"minecraft:hopper":1,"minecraft:raw_copper":7,"minecraft:iron_axe":2,"minecraft:melon_seeds":2,"minecraft:spruce_slab":432,"minecraft:stone_pickaxe":4,"minecraft:chest":4,"minecraft:oak_slab":162,"minecraft:cauldron":1,"minecraft:iron_trapdoor":1,"minecraft:crafting_table":2,"minecraft:spruce_planks":2376,"minecraft:kelp":4,"minecraft:iron_sword":1,"minecraft:dirt":103,"minecraft:lava_bucket":1,"minecraft:bucket":1,"minecraft:campfire":1,"minecraft:stone_axe":4,"minecraft:egg":3,"minecraft:air":0,"minecraft:spruce_trapdoor":260,"minecraft:white_wool":3,"minecraft:cobblestone":6,"minecraft:light_weighted_pressure_plate":1,"minecraft:stick":12,"minecraft:gunpowder":10,"minecraft:iron_ingot":74,"minecraft:iron_pickaxe":3,"minecraft:wooden_axe":1,"minecraft:stone_sword":2,"minecraft:gold_ingot":3,"minecraft:white_bed":1,"minecraft:note_block":1,"minecraft:carrot":6},"minecraft:broken":{"minecraft:stone_sword":1,"minecraft:stone_pickaxe":2,"minecraft:iron_axe":2,"minecraft:stone_axe":3,"minecraft:iron_pickaxe":2},"minecraft:picked_up":{"minecraft:mud":64,"minecraft:spruce_leaves":9,"minecraft:crafting_table":2,"minecraft:iron_trapdoor":1,"minecraft:clay_ball":116,"minecraft:brown_mushroom":46,"minecraft:string":22,"minecraft:raw_copper":13,"minecraft:iron_axe":1,"minecraft:cooked_salmon":3,"minecraft:pufferfish":1,"minecraft:bucket":1,"minecraft:spruce_planks":93,"minecraft:light_weighted_pressure_plate":1,"minecraft:spruce_slab":61,"minecraft:melon_slice":42,"minecraft:chest":2,"minecraft:spruce_trapdoor":14,"minecraft:phantom_membrane":1,"minecraft:furnace":1,"minecraft:stick":80,"minecraft:raw_iron":67,"minecraft:torch":14,"minecraft:note_block":1,"minecraft:spruce_fence":2,"minecraft:diorite":26,"minecraft:redstone":5,"minecraft:arrow":198,"minecraft:rotten_flesh":135,"minecraft:cooked_cod":6,"minecraft:shears":1,"minecraft:cod":6,"minecraft:cobblestone":194,"minecraft:salmon":4,"minecraft:andesite":24,"minecraft:red_mushroom":50,"minecraft:oak_log":137,"minecraft:gunpowder":186,"minecraft:dirt":219,"minecraft:lantern":1,"minecraft:bone":178,"minecraft:apple":4,"minecraft:kelp":2,"minecraft:bow":9,"minecraft:raw_gold":4,"minecraft:iron_ingot":11,"minecraft:pufferfish_bucket":3,"minecraft:glowstone_dust":2,"minecraft:glass_bottle":2,"minecraft:moss_block":99,"minecraft:oak_slab":13,"minecraft:spruce_sapling":77,"minecraft:spruce_log":648,"minecraft:spider_eye":4,"minecraft:slime_ball":7,"minecraft:granite":20,"minecraft:oak_sapling":35,"minecraft:melon_seeds":2,"minecraft:coal":74,"minecraft:hopper":1},"minecraft:killed_by":{"minecraft:skeleton":1}},"DataVersion":3120}