{"stats":{"minecraft:killed":{"minecraft:witch":1,"minecraft:spider":7,"minecraft:creeper":109,"minecraft:pufferfish":1,"minecraft:phantom":1,"minecraft:skeleton":126,"minecraft:zombie":103},"minecraft:mined":{"minecraft:oak_slab":10,"minecraft:spruce_planks":101,"minecraft:clay":12,"minecraft:crafting_table":2,"minecraft:spruce_trapdoor":14,"minecraft:torch":7,"minecraft:granite":11,"minecraft:melon":9,"minecraft:spruce_fence":1,"minecraft:grass_block":202,"minecraft:diorite":13,"minecraft:spruce_leaves":193,"minecraft:moss_block":101,"minecraft:kelp":2,"minecraft:wall_torch":2,"minecraft:spruce_sapling":2,"minecraft:furnace":1,"minecraft:mud":73,"minecraft:iron_ore":55,"minecraft:spruce_log":649,"minecraft:andesite":16,"minecraft:oak_log":141,"minecraft:coal_ore":44,"minecraft:dirt":10,"minecraft:stone":129,"minecraft:oak_leaves":400,"minecraft:spruce_slab":41},"minecraft:crafted":{"minecraft:oak_slab":162,"minecraft:oak_planks":96,"minecraft:fishing_rod":1,"minecraft:cauldron":1,"minecraft:crafting_table":2,"minecraft:spruce_planks":2312,"minecraft:kelp":4,"minecraft:iron_sword":1,"minecraft:pufferfish_bucket":1,"minecraft:dirt":103,"minecraft:bucket":1,"minecraft:bone_meal":141,"minecraft:campfire":1,"minecraft:spruce_fence":6,"minecraft:stone_axe":4,"minecraft:egg":3,"minecraft:air":0,"minecraft:spruce_trapdoor":260,"minecraft:white_wool":3,"minecraft:cobblestone":6,"minecraft:iron_axe":2,"minecraft:melon_seeds":2,"minecraft:spruce_slab":432,"minecraft:stick":12,"minecraft:gunpowder":10,"minecraft:iron_ingot":28,"minecraft:iron_pickaxe":1,"minecraft:stone_pickaxe":4,"minecraft:wooden_axe":1,"minecraft:stone_sword":2,"minecraft:chest":1,"minecraft:white_bed":1},"minecraft:broken":{"minecraft:stone_pickaxe":2,"minecraft:iron_axe":2,"minecraft:stone_sword":1,"minecraft:stone_axe":3},"minecraft:dropped":{"minecraft:iron_ingot":11,"minecraft:shears":1,"minecraft:stick":1,"minecraft:oak_sapling":1,"minecraft:pufferfish_bucket":3,"minecraft:stone_pickaxe":1,"minecraft:spruce_sapling":7},"minecraft:used":{"minecraft:moss_block":8,"minecraft:water_bucket":32,"minecraft:stone_sword":166,"minecraft:spruce_slab":417,"minecraft:stone_pickaxe":356,"minecraft:chest":1,"minecraft:spruce_planks":1268,"minecraft:iron_sword":7,"minecraft:cauldron":1,"minecraft:cooked_salmon":3,"minecraft:rotten_flesh":2,"minecraft:torch":12,"minecraft:dirt":22,"minecraft:crafting_table":3,"minecraft:oak_slab":168,"minecraft:white_bed":1,"minecraft:campfire":1,"minecraft:spruce_fence":2,"minecraft:spruce_log":8,"minecraft:wooden_axe":6,"minecraft:lantern":1,"minecraft:iron_axe":570,"minecraft:melon_slice":21,"minecraft:iron_pickaxe":199,"minecraft:spruce_trapdoor":215,"minecraft:spruce_sapling":39,"minecraft:melon_seeds":2,"minecraft:stone_axe":457,"minecraft:fishing_rod":10,"minecraft:pufferfish_bucket":2,"minecraft:oak_sapling":11,"minecraft:furnace":1,"minecraft:cooked_cod":6,"minecraft:bucket":34,"minecraft:egg":3,"minecraft:kelp":2,"minecraft:bone_meal":83},"minecraft:custom":{"minecraft:interact_with_furnace":27,"minecraft:mob_kills":352,"minecraft:traded_with_villager":10,"minecraft:interact_with_crafting_table":49,"minecraft:interact_with_campfire":10,"minecraft:time_since_death":208123,"minecraft:sleep_in_bed":1,"minecraft:time_since_rest":30193,"minecraft:sprint_one_cm":180494,"minecraft:damage_taken":1475,"minecraft:walk_one_cm":511554,"minecraft:drop":25,"minecraft:damage_dealt":5708,"minecraft:swim_one_cm":14839,"minecraft:talked_to_villager":60,"minecraft:fly_one_cm":145211,"minecraft:open_chest":143,"minecraft:crouch_one_cm":66351,"minecraft:play_time":321040,"minecraft:deaths":3,"minecraft:sneak_time":22767,"minecraft:walk_under_water_one_cm":35459,"minecraft:jump":1476,"minecraft:walk_on_water_one_cm":20761,"minecraft:fish_caught":10,"minecraft:total_world_time":321040,"minecraft:fall_one_cm":17431},"minecraft:killed_by":{"minecraft:skeleton":1},"minecraft:picked_up":{"minecraft:spruce_leaves":9,"minecraft:mud":47,"minecraft:crafting_table":2,"minecraft:clay_ball":44,"minecraft:andesite":16,"minecraft:salmon":4,"minecraft:brown_mushroom":32,"minecraft:red_mushroom":35,"minecraft:oak_log":111,"minecraft:gunpowder":137,"minecraft:string":20,"minecraft:dirt":158,"minecraft:lantern":1,"minecraft:iron_axe":1,"minecraft:cooked_salmon":3,"minecraft:pufferfish":1,"minecraft:bone":125,"minecraft:apple":4,"minecraft:kelp":2,"minecraft:bow":7,"minecraft:bucket":1,"minecraft:spruce_planks":93,"minecraft:iron_ingot":11,"minecraft:pufferfish_bucket":3,"minecraft:melon_slice":42,"minecraft:spruce_slab":61,"minecraft:moss_block":70,"minecraft:spruce_trapdoor":14,"minecraft:phantom_membrane":1,"minecraft:furnace":1,"minecraft:raw_iron":50,"minecraft:oak_slab":13,"minecraft:stick":74,"minecraft:torch":12,"minecraft:spruce_fence":1,"minecraft:diorite":13,"minecraft:spruce_sapling":77,"minecraft:spruce_log":648,"minecraft:spider_eye":4,"minecraft:cooked_cod":6,"minecraft:arrow":133,"minecraft:rotten_flesh":106,"minecraft:slime_ball":7,"minecraft:shears":1,"minecraft:granite":10,"minecraft:melon_seeds":2,"minecraft:oak_sapling":35,"minecraft:cod":6,"minecraft:coal":47,"minecraft:cobblestone":140}},"DataVersion":3120}